id,name,model_id:id,group_id:id,perm_read,perm_write,perm_create,perm_unlink
access_sec_freeze_rule_viewer,sec.freeze.rule viewer,model_sec_freeze_rule,sec_plaza_rbac.group_plaza_viewer,1,0,0,0
access_sec_freeze_rule_super,sec.freeze.rule super admin,model_sec_freeze_rule,sec_plaza_rbac.group_security_super_admin,1,1,1,0
access_sec_stream_lock_viewer,sec.stream.lock viewer,model_sec_stream_lock,sec_plaza_rbac.group_plaza_viewer,1,0,0,0
access_sec_stream_lock_super,sec.stream.lock super admin,model_sec_stream_lock,sec_plaza_rbac.group_security_super_admin,1,1,0,0
access_sec_stream_lock_log_viewer,sec.stream.lock.log viewer,model_sec_stream_lock_log,sec_plaza_rbac.group_plaza_viewer,1,0,0,0
access_sec_stream_lock_log_compliance,sec.stream.lock.log compliance,model_sec_stream_lock_log,sec_plaza_rbac.group_plaza_compliance,1,0,0,0
access_sec_stream_lock_wizard,sec.stream.lock.wizard,model_sec_stream_lock_wizard,sec_plaza_rbac.group_security_super_admin,1,1,1,1
access_unlock_ticket_viewer,sec.freeze.unlock.ticket viewer,model_sec_freeze_unlock_ticket,sec_plaza_rbac.group_plaza_viewer,1,0,0,0
access_unlock_ticket_compliance,sec.freeze.unlock.ticket compliance,model_sec_freeze_unlock_ticket,sec_plaza_rbac.group_plaza_compliance,1,0,0,0
